month,day,start_hour,end_hour,value
1,1,0.0,7.0,0.6
1,1,7.0,9.5,1.0
1,1,9.5,19.0,0.0
1,1,19.0,21.5,1.0
1,1,21.5,24.0,0.6
1,2,0.0,7.0,0.6
1,2,7.0,9.5,1.0
1,2,9.5,19.0,0.0
1,2,19.0,21.5,1.0
1,2,21.5,24.0,0.6
1,3,0.0,7.0,0.6
1,3,7.0,9.5,1.0
1,3,9.5,19.0,0.0
1,3,19.0,21.5,1.0
1,3,21.5,24.0,0.6
1,4,0.0,7.0,0.6
1,4,7.0,9.5,1.0
1,4,9.5,19.0,0.0
1,4,19.0,21.5,1.0
1,4,21.5,24.0,0.6
1,5,0.0,7.0,0.6
1,5,7.0,9.5,1.0
1,5,9.5,19.0,0.0
1,5,19.0,21.5,1.0
1,5,21.5,24.0,0.6
1,6,0.0,7.0,0.6
1,6,7.0,9.5,1.0
1,6,9.5,19.0,0.0
1,6,19.0,21.5,1.0
1,6,21.5,24.0,0.6
1,7,0.0,7.0,0.6
1,7,7.0,9.5,1.0
1,7,9.5,19.0,0.0
1,7,19.0,21.5,1.0
1,7,21.5,24.0,0.6
1,8,0.0,7.0,0.6
1,8,7.0,9.5,1.0
1,8,9.5,19.0,0.0
1,8,19.0,21.5,1.0
1,8,21.5,24.0,0.6
1,9,0.0,7.0,0.6
1,9,7.0,9.5,1.0
1,9,9.5,19.0,0.0
1,9,19.0,21.5,1.0
1,9,21.5,24.0,0.6
1,10,0.0,7.0,0.6
1,10,7.0,9.5,1.0
1,10,9.5,19.0,0.0
1,10,19.0,21.5,1.0
1,10,21.5,24.0,0.6
1,11,0.0,7.0,0.6
1,11,7.0,9.5,1.0
1,11,9.5,19.0,0.0
1,11,19.0,21.5,1.0
1,11,21.5,24.0,0.6
1,12,0.0,7.0,0.6
1,12,7.0,9.5,1.0
1,12,9.5,19.0,0.0
1,12,19.0,21.5,1.0
1,12,21.5,24.0,0.6
1,13,0.0,7.0,0.6
1,13,7.0,9.5,1.0
1,13,9.5,19.0,0.0
1,13,19.0,21.5,1.0
1,13,21.5,24.0,0.6
1,14,0.0,7.0,0.6
1,14,7.0,9.5,1.0
1,14,9.5,19.0,0.0
1,14,19.0,21.5,1.0
1,14,21.5,24.0,0.6
1,15,0.0,7.0,0.6
1,15,7.0,9.5,1.0
1,15,9.5,19.0,0.0
1,15,19.0,21.5,1.0
1,15,21.5,24.0,0.6
1,16,0.0,7.0,0.6
1,16,7.0,9.5,1.0
1,16,9.5,19.0,0.0
1,16,19.0,21.5,1.0
1,16,21.5,24.0,0.6
1,17,0.0,7.0,0.6
1,17,7.0,9.5,1.0
1,17,9.5,19.0,0.0
1,17,19.0,21.5,1.0
1,17,21.5,24.0,0.6
1,18,0.0,7.0,0.6
1,18,7.0,9.5,1.0
1,18,9.5,19.0,0.0
1,18,19.0,21.5,1.0
1,18,21.5,24.0,0.6
1,19,0.0,7.0,0.6
1,19,7.0,9.5,1.0
1,19,9.5,19.0,0.0
1,19,19.0,21.5,1.0
1,19,21.5,24.0,0.6
1,20,0.0,7.0,0.6
1,20,7.0,9.5,1.0
1,20,9.5,19.0,0.0
1,20,19.0,21.5,1.0
1,20,21.5,24.0,0.6
1,21,0.0,7.0,0.6
1,21,7.0,9.5,1.0
1,21,9.5,19.0,0.0
1,21,19.0,21.5,1.0
1,21,21.5,24.0,0.6
1,22,0.0,7.0,0.6
1,22,7.0,9.5,1.0
1,22,9.5,19.0,0.0
1,22,19.0,21.5,1.0
1,22,21.5,24.0,0.6
1,23,0.0,7.0,0.6
1,23,7.0,9.5,1.0
1,23,9.5,19.0,0.0
1,23,19.0,21.5,1.0
1,23,21.5,24.0,0.6
1,24,0.0,7.0,0.6
1,24,7.0,9.5,1.0
1,24,9.5,19.0,0.0
1,24,19.0,21.5,1.0
1,24,21.5,24.0,0.6
1,25,0.0,7.0,0.6
1,25,7.0,9.5,1.0
1,25,9.5,19.0,0.0
1,25,19.0,21.5,1.0
1,25,21.5,24.0,0.6
1,26,0.0,7.0,0.6
1,26,7.0,9.5,1.0
1,26,9.5,19.0,0.0
1,26,19.0,21.5,1.0
1,26,21.5,24.0,0.6
1,27,0.0,7.0,0.6
1,27,7.0,9.5,1.0
1,27,9.5,19.0,0.0
1,27,19.0,21.5,1.0
1,27,21.5,24.0,0.6
1,28,0.0,7.0,0.6
1,28,7.0,9.5,1.0
1,28,9.5,19.0,0.0
1,28,19.0,21.5,1.0
1,28,21.5,24.0,0.6
1,29,0.0,7.0,0.6
1,29,7.0,9.5,1.0
1,29,9.5,19.0,0.0
1,29,19.0,21.5,1.0
1,29,21.5,24.0,0.6
1,30,0.0,7.0,0.6
1,30,7.0,9.5,1.0
1,30,9.5,19.0,0.0
1,30,19.0,21.5,1.0
1,30,21.5,24.0,0.6
1,31,0.0,7.0,0.6
1,31,7.0,9.5,1.0
1,31,9.5,19.0,0.0
1,31,19.0,21.5,1.0
1,31,21.5,24.0,0.6
2,1,0.0,7.0,0.6
2,1,7.0,9.5,1.0
2,1,9.5,19.0,0.0
2,1,19.0,21.5,1.0
2,1,21.5,24.0,0.6
2,2,0.0,7.0,0.6
2,2,7.0,9.5,1.0
2,2,9.5,19.0,0.0
2,2,19.0,21.5,1.0
2,2,21.5,24.0,0.6
2,3,0.0,7.0,0.6
2,3,7.0,9.5,1.0
2,3,9.5,19.0,0.0
2,3,19.0,21.5,1.0
2,3,21.5,24.0,0.6
2,4,0.0,7.0,0.6
2,4,7.0,9.5,1.0
2,4,9.5,19.0,0.0
2,4,19.0,21.5,1.0
2,4,21.5,24.0,0.6
2,5,0.0,7.0,0.6
2,5,7.0,9.5,1.0
2,5,9.5,19.0,0.0
2,5,19.0,21.5,1.0
2,5,21.5,24.0,0.6
2,6,0.0,7.0,0.6
2,6,7.0,9.5,1.0
2,6,9.5,19.0,0.0
2,6,19.0,21.5,1.0
2,6,21.5,24.0,0.6
2,7,0.0,7.0,0.6
2,7,7.0,9.5,1.0
2,7,9.5,19.0,0.0
2,7,19.0,21.5,1.0
2,7,21.5,24.0,0.6
2,8,0.0,7.0,0.6
2,8,7.0,9.5,1.0
2,8,9.5,19.0,0.0
2,8,19.0,21.5,1.0
2,8,21.5,24.0,0.6
2,9,0.0,7.0,0.6
2,9,7.0,9.5,1.0
2,9,9.5,19.0,0.0
2,9,19.0,21.5,1.0
2,9,21.5,24.0,0.6
2,10,0.0,7.0,0.6
2,10,7.0,9.5,1.0
2,10,9.5,19.0,0.0
2,10,19.0,21.5,1.0
2,10,21.5,24.0,0.6
2,11,0.0,7.0,0.6
2,11,7.0,9.5,1.0
2,11,9.5,19.0,0.0
2,11,19.0,21.5,1.0
2,11,21.5,24.0,0.6
2,12,0.0,7.0,0.6
2,12,7.0,9.5,1.0
2,12,9.5,19.0,0.0
2,12,19.0,21.5,1.0
2,12,21.5,24.0,0.6
2,13,0.0,7.0,0.6
2,13,7.0,9.5,1.0
2,13,9.5,19.0,0.0
2,13,19.0,21.5,1.0
2,13,21.5,24.0,0.6
2,14,0.0,7.0,0.6
2,14,7.0,9.5,1.0
2,14,9.5,19.0,0.0
2,14,19.0,21.5,1.0
2,14,21.5,24.0,0.6
2,15,0.0,7.0,0.6
2,15,7.0,9.5,1.0
2,15,9.5,19.0,0.0
2,15,19.0,21.5,1.0
2,15,21.5,24.0,0.6
2,16,0.0,7.0,0.6
2,16,7.0,9.5,1.0
2,16,9.5,19.0,0.0
2,16,19.0,21.5,1.0
2,16,21.5,24.0,0.6
2,17,0.0,7.0,0.6
2,17,7.0,9.5,1.0
2,17,9.5,19.0,0.0
2,17,19.0,21.5,1.0
2,17,21.5,24.0,0.6
2,18,0.0,7.0,0.6
2,18,7.0,9.5,1.0
2,18,9.5,19.0,0.0
2,18,19.0,21.5,1.0
2,18,21.5,24.0,0.6
2,19,0.0,7.0,0.6
2,19,7.0,9.5,1.0
2,19,9.5,19.0,0.0
2,19,19.0,21.5,1.0
2,19,21.5,24.0,0.6
2,20,0.0,7.0,0.6
2,20,7.0,9.5,1.0
2,20,9.5,19.0,0.0
2,20,19.0,21.5,1.0
2,20,21.5,24.0,0.6
2,21,0.0,7.0,0.6
2,21,7.0,9.5,1.0
2,21,9.5,19.0,0.0
2,21,19.0,21.5,1.0
2,21,21.5,24.0,0.6
2,22,0.0,7.0,0.6
2,22,7.0,9.5,1.0
2,22,9.5,19.0,0.0
2,22,19.0,21.5,1.0
2,22,21.5,24.0,0.6
2,23,0.0,7.0,0.6
2,23,7.0,9.5,1.0
2,23,9.5,19.0,0.0
2,23,19.0,21.5,1.0
2,23,21.5,24.0,0.6
2,24,0.0,7.0,0.6
2,24,7.0,9.5,1.0
2,24,9.5,19.0,0.0
2,24,19.0,21.5,1.0
2,24,21.5,24.0,0.6
2,25,0.0,7.0,0.6
2,25,7.0,9.5,1.0
2,25,9.5,19.0,0.0
2,25,19.0,21.5,1.0
2,25,21.5,24.0,0.6
2,26,0.0,7.0,0.6
2,26,7.0,9.5,1.0
2,26,9.5,19.0,0.0
2,26,19.0,21.5,1.0
2,26,21.5,24.0,0.6
2,27,0.0,7.0,0.6
2,27,7.0,9.5,1.0
2,27,9.5,19.0,0.0
2,27,19.0,21.5,1.0
2,27,21.5,24.0,0.6
2,28,0.0,7.0,0.6
2,28,7.0,9.5,1.0
2,28,9.5,19.0,0.0
2,28,19.0,21.5,1.0
2,28,21.5,24.0,0.6
3,1,0.0,7.0,0.6
3,1,7.0,9.5,1.0
3,1,9.5,19.0,0.0
3,1,19.0,21.5,1.0
3,1,21.5,24.0,0.6
3,2,0.0,7.0,0.6
3,2,7.0,9.5,1.0
3,2,9.5,19.0,0.0
3,2,19.0,21.5,1.0
3,2,21.5,24.0,0.6
3,3,0.0,7.0,0.6
3,3,7.0,9.5,1.0
3,3,9.5,19.0,0.0
3,3,19.0,21.5,1.0
3,3,21.5,24.0,0.6
3,4,0.0,7.0,0.6
3,4,7.0,9.5,1.0
3,4,9.5,19.0,0.0
3,4,19.0,21.5,1.0
3,4,21.5,24.0,0.6
3,5,0.0,7.0,0.6
3,5,7.0,9.5,1.0
3,5,9.5,19.0,0.0
3,5,19.0,21.5,1.0
3,5,21.5,24.0,0.6
3,6,0.0,7.0,0.6
3,6,7.0,9.5,1.0
3,6,9.5,19.0,0.0
3,6,19.0,21.5,1.0
3,6,21.5,24.0,0.6
3,7,0.0,7.0,0.6
3,7,7.0,9.5,1.0
3,7,9.5,19.0,0.0
3,7,19.0,21.5,1.0
3,7,21.5,24.0,0.6
3,8,0.0,7.0,0.6
3,8,7.0,9.5,1.0
3,8,9.5,19.0,0.0
3,8,19.0,21.5,1.0
3,8,21.5,24.0,0.6
3,9,0.0,7.0,0.6
3,9,7.0,9.5,1.0
3,9,9.5,19.0,0.0
3,9,19.0,21.5,1.0
3,9,21.5,24.0,0.6
3,10,0.0,7.0,0.6
3,10,7.0,9.5,1.0
3,10,9.5,19.0,0.0
3,10,19.0,21.5,1.0
3,10,21.5,24.0,0.6
3,11,0.0,7.0,0.6
3,11,7.0,9.5,1.0
3,11,9.5,19.0,0.0
3,11,19.0,21.5,1.0
3,11,21.5,24.0,0.6
3,12,0.0,7.0,0.6
3,12,7.0,9.5,1.0
3,12,9.5,19.0,0.0
3,12,19.0,21.5,1.0
3,12,21.5,24.0,0.6
3,13,0.0,7.0,0.6
3,13,7.0,9.5,1.0
3,13,9.5,19.0,0.0
3,13,19.0,21.5,1.0
3,13,21.5,24.0,0.6
3,14,0.0,7.0,0.6
3,14,7.0,9.5,1.0
3,14,9.5,19.0,0.0
3,14,19.0,21.5,1.0
3,14,21.5,24.0,0.6
3,15,0.0,7.0,0.6
3,15,7.0,9.5,1.0
3,15,9.5,19.0,0.0
3,15,19.0,21.5,1.0
3,15,21.5,24.0,0.6
3,16,0.0,7.0,0.6
3,16,7.0,9.5,1.0
3,16,9.5,19.0,0.0
3,16,19.0,21.5,1.0
3,16,21.5,24.0,0.6
3,17,0.0,7.0,0.6
3,17,7.0,9.5,1.0
3,17,9.5,19.0,0.0
3,17,19.0,21.5,1.0
3,17,21.5,24.0,0.6
3,18,0.0,7.0,0.6
3,18,7.0,9.5,1.0
3,18,9.5,19.0,0.0
3,18,19.0,21.5,1.0
3,18,21.5,24.0,0.6
3,19,0.0,7.0,0.6
3,19,7.0,9.5,1.0
3,19,9.5,19.0,0.0
3,19,19.0,21.5,1.0
3,19,21.5,24.0,0.6
3,20,0.0,7.0,0.6
3,20,7.0,9.5,1.0
3,20,9.5,19.0,0.0
3,20,19.0,21.5,1.0
3,20,21.5,24.0,0.6
3,21,0.0,7.0,0.6
3,21,7.0,9.5,1.0
3,21,9.5,19.0,0.0
3,21,19.0,21.5,1.0
3,21,21.5,24.0,0.6
3,22,0.0,7.0,0.6
3,22,7.0,9.5,1.0
3,22,9.5,19.0,0.0
3,22,19.0,21.5,1.0
3,22,21.5,24.0,0.6
3,23,0.0,7.0,0.6
3,23,7.0,9.5,1.0
3,23,9.5,19.0,0.0
3,23,19.0,21.5,1.0
3,23,21.5,24.0,0.6
3,24,0.0,7.0,0.6
3,24,7.0,9.5,1.0
3,24,9.5,19.0,0.0
3,24,19.0,21.5,1.0
3,24,21.5,24.0,0.6
3,25,0.0,7.0,0.6
3,25,7.0,9.5,1.0
3,25,9.5,19.0,0.0
3,25,19.0,21.5,1.0
3,25,21.5,24.0,0.6
3,26,0.0,7.0,0.6
3,26,7.0,9.5,1.0
3,26,9.5,19.0,0.0
3,26,19.0,21.5,1.0
3,26,21.5,24.0,0.6
3,27,0.0,7.0,0.6
3,27,7.0,9.5,1.0
3,27,9.5,19.0,0.0
3,27,19.0,21.5,1.0
3,27,21.5,24.0,0.6
3,28,0.0,7.0,0.6
3,28,7.0,9.5,1.0
3,28,9.5,19.0,0.0
3,28,19.0,21.5,1.0
3,28,21.5,24.0,0.6
3,29,0.0,7.0,0.6
3,29,7.0,9.5,1.0
3,29,9.5,19.0,0.0
3,29,19.0,21.5,1.0
3,29,21.5,24.0,0.6
3,30,0.0,7.0,0.6
3,30,7.0,9.5,1.0
3,30,9.5,19.0,0.0
3,30,19.0,21.5,1.0
3,30,21.5,24.0,0.6
3,31,0.0,7.0,0.6
3,31,7.0,9.5,1.0
3,31,9.5,19.0,0.0
3,31,19.0,21.5,1.0
3,31,21.5,24.0,0.6
4,1,0.0,7.0,0.6
4,1,7.0,9.5,1.0
4,1,9.5,19.0,0.0
4,1,19.0,21.5,1.0
4,1,21.5,24.0,0.6
4,2,0.0,7.0,0.6
4,2,7.0,9.5,1.0
4,2,9.5,19.0,0.0
4,2,19.0,21.5,1.0
4,2,21.5,24.0,0.6
4,3,0.0,7.0,0.6
4,3,7.0,9.5,1.0
4,3,9.5,19.0,0.0
4,3,19.0,21.5,1.0
4,3,21.5,24.0,0.6
4,4,0.0,7.0,0.6
4,4,7.0,9.5,1.0
4,4,9.5,19.0,0.0
4,4,19.0,21.5,1.0
4,4,21.5,24.0,0.6
4,5,0.0,7.0,0.6
4,5,7.0,9.5,1.0
4,5,9.5,19.0,0.0
4,5,19.0,21.5,1.0
4,5,21.5,24.0,0.6
4,6,0.0,7.0,0.6
4,6,7.0,9.5,1.0
4,6,9.5,19.0,0.0
4,6,19.0,21.5,1.0
4,6,21.5,24.0,0.6
4,7,0.0,7.0,0.6
4,7,7.0,9.5,1.0
4,7,9.5,19.0,0.0
4,7,19.0,21.5,1.0
4,7,21.5,24.0,0.6
4,8,0.0,7.0,0.6
4,8,7.0,9.5,1.0
4,8,9.5,19.0,0.0
4,8,19.0,21.5,1.0
4,8,21.5,24.0,0.6
4,9,0.0,7.0,0.6
4,9,7.0,9.5,1.0
4,9,9.5,19.0,0.0
4,9,19.0,21.5,1.0
4,9,21.5,24.0,0.6
4,10,0.0,7.0,0.6
4,10,7.0,9.5,1.0
4,10,9.5,19.0,0.0
4,10,19.0,21.5,1.0
4,10,21.5,24.0,0.6
4,11,0.0,7.0,0.6
4,11,7.0,9.5,1.0
4,11,9.5,19.0,0.0
4,11,19.0,21.5,1.0
4,11,21.5,24.0,0.6
4,12,0.0,7.0,0.6
4,12,7.0,9.5,1.0
4,12,9.5,19.0,0.0
4,12,19.0,21.5,1.0
4,12,21.5,24.0,0.6
4,13,0.0,7.0,0.6
4,13,7.0,9.5,1.0
4,13,9.5,19.0,0.0
4,13,19.0,21.5,1.0
4,13,21.5,24.0,0.6
4,14,0.0,7.0,0.6
4,14,7.0,9.5,1.0
4,14,9.5,19.0,0.0
4,14,19.0,21.5,1.0
4,14,21.5,24.0,0.6
4,15,0.0,7.0,0.6
4,15,7.0,9.5,1.0
4,15,9.5,19.0,0.0
4,15,19.0,21.5,1.0
4,15,21.5,24.0,0.6
4,16,0.0,7.0,0.6
4,16,7.0,9.5,1.0
4,16,9.5,19.0,0.0
4,16,19.0,21.5,1.0
4,16,21.5,24.0,0.6
4,17,0.0,7.0,0.6
4,17,7.0,9.5,1.0
4,17,9.5,19.0,0.0
4,17,19.0,21.5,1.0
4,17,21.5,24.0,0.6
4,18,0.0,7.0,0.6
4,18,7.0,9.5,1.0
4,18,9.5,19.0,0.0
4,18,19.0,21.5,1.0
4,18,21.5,24.0,0.6
4,19,0.0,7.0,0.6
4,19,7.0,9.5,1.0
4,19,9.5,19.0,0.0
4,19,19.0,21.5,1.0
4,19,21.5,24.0,0.6
4,20,0.0,7.0,0.6
4,20,7.0,9.5,1.0
4,20,9.5,19.0,0.0
4,20,19.0,21.5,1.0
4,20,21.5,24.0,0.6
4,21,0.0,7.0,0.6
4,21,7.0,9.5,1.0
4,21,9.5,19.0,0.0
4,21,19.0,21.5,1.0
4,21,21.5,24.0,0.6
4,22,0.0,7.0,0.6
4,22,7.0,9.5,1.0
4,22,9.5,19.0,0.0
4,22,19.0,21.5,1.0
4,22,21.5,24.0,0.6
4,23,0.0,7.0,0.6
4,23,7.0,9.5,1.0
4,23,9.5,19.0,0.0
4,23,19.0,21.5,1.0
4,23,21.5,24.0,0.6
4,24,0.0,7.0,0.6
4,24,7.0,9.5,1.0
4,24,9.5,19.0,0.0
4,24,19.0,21.5,1.0
4,24,21.5,24.0,0.6
4,25,0.0,7.0,0.6
4,25,7.0,9.5,1.0
4,25,9.5,19.0,0.0
4,25,19.0,21.5,1.0
4,25,21.5,24.0,0.6
4,26,0.0,7.0,0.6
4,26,7.0,9.5,1.0
4,26,9.5,19.0,0.0
4,26,19.0,21.5,1.0
4,26,21.5,24.0,0.6
4,27,0.0,7.0,0.6
4,27,7.0,9.5,1.0
4,27,9.5,19.0,0.0
4,27,19.0,21.5,1.0
4,27,21.5,24.0,0.6
4,28,0.0,7.0,0.6
4,28,7.0,9.5,1.0
4,28,9.5,19.0,0.0
4,28,19.0,21.5,1.0
4,28,21.5,24.0,0.6
4,29,0.0,7.0,0.6
4,29,7.0,9.5,1.0
4,29,9.5,19.0,0.0
4,29,19.0,21.5,1.0
4,29,21.5,24.0,0.6
4,30,0.0,7.0,0.6
4,30,7.0,9.5,1.0
4,30,9.5,19.0,0.0
4,30,19.0,21.5,1.0
4,30,21.5,24.0,0.6
5,1,0.0,7.0,0.6
5,1,7.0,9.5,1.0
5,1,9.5,19.0,0.0
5,1,19.0,21.5,1.0
5,1,21.5,24.0,0.6
5,2,0.0,7.0,0.6
5,2,7.0,9.5,1.0
5,2,9.5,19.0,0.0
5,2,19.0,21.5,1.0
5,2,21.5,24.0,0.6
5,3,0.0,7.0,0.6
5,3,7.0,9.5,1.0
5,3,9.5,19.0,0.0
5,3,19.0,21.5,1.0
5,3,21.5,24.0,0.6
5,4,0.0,7.0,0.6
5,4,7.0,9.5,1.0
5,4,9.5,19.0,0.0
5,4,19.0,21.5,1.0
5,4,21.5,24.0,0.6
5,5,0.0,7.0,0.6
5,5,7.0,9.5,1.0
5,5,9.5,19.0,0.0
5,5,19.0,21.5,1.0
5,5,21.5,24.0,0.6
5,6,0.0,7.0,0.6
5,6,7.0,9.5,1.0
5,6,9.5,19.0,0.0
5,6,19.0,21.5,1.0
5,6,21.5,24.0,0.6
5,7,0.0,7.0,0.6
5,7,7.0,9.5,1.0
5,7,9.5,19.0,0.0
5,7,19.0,21.5,1.0
5,7,21.5,24.0,0.6
5,8,0.0,7.0,0.6
5,8,7.0,9.5,1.0
5,8,9.5,19.0,0.0
5,8,19.0,21.5,1.0
5,8,21.5,24.0,0.6
5,9,0.0,7.0,0.6
5,9,7.0,9.5,1.0
5,9,9.5,19.0,0.0
5,9,19.0,21.5,1.0
5,9,21.5,24.0,0.6
5,10,0.0,7.0,0.6
5,10,7.0,9.5,1.0
5,10,9.5,19.0,0.0
5,10,19.0,21.5,1.0
5,10,21.5,24.0,0.6
5,11,0.0,7.0,0.6
5,11,7.0,9.5,1.0
5,11,9.5,19.0,0.0
5,11,19.0,21.5,1.0
5,11,21.5,24.0,0.6
5,12,0.0,7.0,0.6
5,12,7.0,9.5,1.0
5,12,9.5,19.0,0.0
5,12,19.0,21.5,1.0
5,12,21.5,24.0,0.6
5,13,0.0,7.0,0.6
5,13,7.0,9.5,1.0
5,13,9.5,19.0,0.0
5,13,19.0,21.5,1.0
5,13,21.5,24.0,0.6
5,14,0.0,7.0,0.6
5,14,7.0,9.5,1.0
5,14,9.5,19.0,0.0
5,14,19.0,21.5,1.0
5,14,21.5,24.0,0.6
5,15,0.0,7.0,0.6
5,15,7.0,9.5,1.0
5,15,9.5,19.0,0.0
5,15,19.0,21.5,1.0
5,15,21.5,24.0,0.6
5,16,0.0,7.0,0.6
5,16,7.0,9.5,1.0
5,16,9.5,19.0,0.0
5,16,19.0,21.5,1.0
5,16,21.5,24.0,0.6
5,17,0.0,7.0,0.6
5,17,7.0,9.5,1.0
5,17,9.5,19.0,0.0
5,17,19.0,21.5,1.0
5,17,21.5,24.0,0.6
5,18,0.0,7.0,0.6
5,18,7.0,9.5,1.0
5,18,9.5,19.0,0.0
5,18,19.0,21.5,1.0
5,18,21.5,24.0,0.6
5,19,0.0,7.0,0.6
5,19,7.0,9.5,1.0
5,19,9.5,19.0,0.0
5,19,19.0,21.5,1.0
5,19,21.5,24.0,0.6
5,20,0.0,7.0,0.6
5,20,7.0,9.5,1.0
5,20,9.5,19.0,0.0
5,20,19.0,21.5,1.0
5,20,21.5,24.0,0.6
5,21,0.0,7.0,0.6
5,21,7.0,9.5,1.0
5,21,9.5,19.0,0.0
5,21,19.0,21.5,1.0
5,21,21.5,24.0,0.6
5,22,0.0,7.0,0.6
5,22,7.0,9.5,1.0
5,22,9.5,19.0,0.0
5,22,19.0,21.5,1.0
5,22,21.5,24.0,0.6
5,23,0.0,7.0,0.6
5,23,7.0,9.5,1.0
5,23,9.5,19.0,0.0
5,23,19.0,21.5,1.0
5,23,21.5,24.0,0.6
5,24,0.0,7.0,0.6
5,24,7.0,9.5,1.0
5,24,9.5,19.0,0.0
5,24,19.0,21.5,1.0
5,24,21.5,24.0,0.6
5,25,0.0,7.0,0.6
5,25,7.0,9.5,1.0
5,25,9.5,19.0,0.0
5,25,19.0,21.5,1.0
5,25,21.5,24.0,0.6
5,26,0.0,7.0,0.6
5,26,7.0,9.5,1.0
5,26,9.5,19.0,0.0
5,26,19.0,21.5,1.0
5,26,21.5,24.0,0.6
5,27,0.0,7.0,0.6
5,27,7.0,9.5,1.0
5,27,9.5,19.0,0.0
5,27,19.0,21.5,1.0
5,27,21.5,24.0,0.6
5,28,0.0,7.0,0.6
5,28,7.0,9.5,1.0
5,28,9.5,19.0,0.0
5,28,19.0,21.5,1.0
5,28,21.5,24.0,0.6
5,29,0.0,7.0,0.6
5,29,7.0,9.5,1.0
5,29,9.5,19.0,0.0
5,29,19.0,21.5,1.0
5,29,21.5,24.0,0.6
5,30,0.0,7.0,0.6
5,30,7.0,9.5,1.0
5,30,9.5,19.0,0.0
5,30,19.0,21.5,1.0
5,30,21.5,24.0,0.6
5,31,0.0,7.0,0.6
5,31,7.0,9.5,1.0
5,31,9.5,19.0,0.0
5,31,19.0,21.5,1.0
5,31,21.5,24.0,0.6
6,1,0.0,7.0,0.6
6,1,7.0,9.5,1.0
6,1,9.5,19.0,0.0
6,1,19.0,21.5,1.0
6,1,21.5,24.0,0.6
6,2,0.0,7.0,0.6
6,2,7.0,9.5,1.0
6,2,9.5,19.0,0.0
6,2,19.0,21.5,1.0
6,2,21.5,24.0,0.6
6,3,0.0,7.0,0.6
6,3,7.0,9.5,1.0
6,3,9.5,19.0,0.0
6,3,19.0,21.5,1.0
6,3,21.5,24.0,0.6
6,4,0.0,7.0,0.6
6,4,7.0,9.5,1.0
6,4,9.5,19.0,0.0
6,4,19.0,21.5,1.0
6,4,21.5,24.0,0.6
6,5,0.0,7.0,0.6
6,5,7.0,9.5,1.0
6,5,9.5,19.0,0.0
6,5,19.0,21.5,1.0
6,5,21.5,24.0,0.6
6,6,0.0,7.0,0.6
6,6,7.0,9.5,1.0
6,6,9.5,19.0,0.0
6,6,19.0,21.5,1.0
6,6,21.5,24.0,0.6
6,7,0.0,7.0,0.6
6,7,7.0,9.5,1.0
6,7,9.5,19.0,0.0
6,7,19.0,21.5,1.0
6,7,21.5,24.0,0.6
6,8,0.0,7.0,0.6
6,8,7.0,9.5,1.0
6,8,9.5,19.0,0.0
6,8,19.0,21.5,1.0
6,8,21.5,24.0,0.6
6,9,0.0,7.0,0.6
6,9,7.0,9.5,1.0
6,9,9.5,19.0,0.0
6,9,19.0,21.5,1.0
6,9,21.5,24.0,0.6
6,10,0.0,7.0,0.6
6,10,7.0,9.5,1.0
6,10,9.5,19.0,0.0
6,10,19.0,21.5,1.0
6,10,21.5,24.0,0.6
6,11,0.0,7.0,0.6
6,11,7.0,9.5,1.0
6,11,9.5,19.0,0.0
6,11,19.0,21.5,1.0
6,11,21.5,24.0,0.6
6,12,0.0,7.0,0.6
6,12,7.0,9.5,1.0
6,12,9.5,19.0,0.0
6,12,19.0,21.5,1.0
6,12,21.5,24.0,0.6
6,13,0.0,7.0,0.6
6,13,7.0,9.5,1.0
6,13,9.5,19.0,0.0
6,13,19.0,21.5,1.0
6,13,21.5,24.0,0.6
6,14,0.0,7.0,0.6
6,14,7.0,9.5,1.0
6,14,9.5,19.0,0.0
6,14,19.0,21.5,1.0
6,14,21.5,24.0,0.6
6,15,0.0,7.0,0.6
6,15,7.0,9.5,1.0
6,15,9.5,19.0,0.0
6,15,19.0,21.5,1.0
6,15,21.5,24.0,0.6
6,16,0.0,7.0,0.6
6,16,7.0,9.5,1.0
6,16,9.5,19.0,0.0
6,16,19.0,21.5,1.0
6,16,21.5,24.0,0.6
6,17,0.0,7.0,0.6
6,17,7.0,9.5,1.0
6,17,9.5,19.0,0.0
6,17,19.0,21.5,1.0
6,17,21.5,24.0,0.6
6,18,0.0,7.0,0.6
6,18,7.0,9.5,1.0
6,18,9.5,19.0,0.0
6,18,19.0,21.5,1.0
6,18,21.5,24.0,0.6
6,19,0.0,7.0,0.6
6,19,7.0,9.5,1.0
6,19,9.5,19.0,0.0
6,19,19.0,21.5,1.0
6,19,21.5,24.0,0.6
6,20,0.0,7.0,0.6
6,20,7.0,9.5,1.0
6,20,9.5,19.0,0.0
6,20,19.0,21.5,1.0
6,20,21.5,24.0,0.6
6,21,0.0,7.0,0.6
6,21,7.0,9.5,1.0
6,21,9.5,19.0,0.0
6,21,19.0,21.5,1.0
6,21,21.5,24.0,0.6
6,22,0.0,7.0,0.6
6,22,7.0,9.5,1.0
6,22,9.5,19.0,0.0
6,22,19.0,21.5,1.0
6,22,21.5,24.0,0.6
6,23,0.0,7.0,0.6
6,23,7.0,9.5,1.0
6,23,9.5,19.0,0.0
6,23,19.0,21.5,1.0
6,23,21.5,24.0,0.6
6,24,0.0,7.0,0.6
6,24,7.0,9.5,1.0
6,24,9.5,19.0,0.0
6,24,19.0,21.5,1.0
6,24,21.5,24.0,0.6
6,25,0.0,7.0,0.6
6,25,7.0,9.5,1.0
6,25,9.5,19.0,0.0
6,25,19.0,21.5,1.0
6,25,21.5,24.0,0.6
6,26,0.0,7.0,0.6
6,26,7.0,9.5,1.0
6,26,9.5,19.0,0.0
6,26,19.0,21.5,1.0
6,26,21.5,24.0,0.6
6,27,0.0,7.0,0.6
6,27,7.0,9.5,1.0
6,27,9.5,19.0,0.0
6,27,19.0,21.5,1.0
6,27,21.5,24.0,0.6
6,28,0.0,7.0,0.6
6,28,7.0,9.5,1.0
6,28,9.5,19.0,0.0
6,28,19.0,21.5,1.0
6,28,21.5,24.0,0.6
6,29,0.0,7.0,0.6
6,29,7.0,9.5,1.0
6,29,9.5,19.0,0.0
6,29,19.0,21.5,1.0
6,29,21.5,24.0,0.6
6,30,0.0,7.0,0.6
6,30,7.0,9.5,1.0
6,30,9.5,19.0,0.0
6,30,19.0,21.5,1.0
6,30,21.5,24.0,0.6
7,1,0.0,7.0,0.6
7,1,7.0,9.5,1.0
7,1,9.5,19.0,0.0
7,1,19.0,21.5,1.0
7,1,21.5,24.0,0.6
7,2,0.0,7.0,0.6
7,2,7.0,9.5,1.0
7,2,9.5,19.0,0.0
7,2,19.0,21.5,1.0
7,2,21.5,24.0,0.6
7,3,0.0,7.0,0.6
7,3,7.0,9.5,1.0
7,3,9.5,19.0,0.0
7,3,19.0,21.5,1.0
7,3,21.5,24.0,0.6
7,4,0.0,7.0,0.6
7,4,7.0,9.5,1.0
7,4,9.5,19.0,0.0
7,4,19.0,21.5,1.0
7,4,21.5,24.0,0.6
7,5,0.0,7.0,0.6
7,5,7.0,9.5,1.0
7,5,9.5,19.0,0.0
7,5,19.0,21.5,1.0
7,5,21.5,24.0,0.6
7,6,0.0,7.0,0.6
7,6,7.0,9.5,1.0
7,6,9.5,19.0,0.0
7,6,19.0,21.5,1.0
7,6,21.5,24.0,0.6
7,7,0.0,7.0,0.6
7,7,7.0,9.5,1.0
7,7,9.5,19.0,0.0
7,7,19.0,21.5,1.0
7,7,21.5,24.0,0.6
7,8,0.0,7.0,0.6
7,8,7.0,9.5,1.0
7,8,9.5,19.0,0.0
7,8,19.0,21.5,1.0
7,8,21.5,24.0,0.6
7,9,0.0,7.0,0.6
7,9,7.0,9.5,1.0
7,9,9.5,19.0,0.0
7,9,19.0,21.5,1.0
7,9,21.5,24.0,0.6
7,10,0.0,7.0,0.6
7,10,7.0,9.5,1.0
7,10,9.5,19.0,0.0
7,10,19.0,21.5,1.0
7,10,21.5,24.0,0.6
7,11,0.0,7.0,0.6
7,11,7.0,9.5,1.0
7,11,9.5,19.0,0.0
7,11,19.0,21.5,1.0
7,11,21.5,24.0,0.6
7,12,0.0,7.0,0.6
7,12,7.0,9.5,1.0
7,12,9.5,19.0,0.0
7,12,19.0,21.5,1.0
7,12,21.5,24.0,0.6
7,13,0.0,7.0,0.6
7,13,7.0,9.5,1.0
7,13,9.5,19.0,0.0
7,13,19.0,21.5,1.0
7,13,21.5,24.0,0.6
7,14,0.0,7.0,0.6
7,14,7.0,9.5,1.0
7,14,9.5,19.0,0.0
7,14,19.0,21.5,1.0
7,14,21.5,24.0,0.6
7,15,0.0,7.0,0.6
7,15,7.0,9.5,1.0
7,15,9.5,19.0,0.0
7,15,19.0,21.5,1.0
7,15,21.5,24.0,0.6
7,16,0.0,7.0,0.6
7,16,7.0,9.5,1.0
7,16,9.5,19.0,0.0
7,16,19.0,21.5,1.0
7,16,21.5,24.0,0.6
7,17,0.0,7.0,0.6
7,17,7.0,9.5,1.0
7,17,9.5,19.0,0.0
7,17,19.0,21.5,1.0
7,17,21.5,24.0,0.6
7,18,0.0,7.0,0.6
7,18,7.0,9.5,1.0
7,18,9.5,19.0,0.0
7,18,19.0,21.5,1.0
7,18,21.5,24.0,0.6
7,19,0.0,7.0,0.6
7,19,7.0,9.5,1.0
7,19,9.5,19.0,0.0
7,19,19.0,21.5,1.0
7,19,21.5,24.0,0.6
7,20,0.0,7.0,0.6
7,20,7.0,9.5,1.0
7,20,9.5,19.0,0.0
7,20,19.0,21.5,1.0
7,20,21.5,24.0,0.6
7,21,0.0,7.0,0.6
7,21,7.0,9.5,1.0
7,21,9.5,19.0,0.0
7,21,19.0,21.5,1.0
7,21,21.5,24.0,0.6
7,22,0.0,7.0,0.6
7,22,7.0,9.5,1.0
7,22,9.5,19.0,0.0
7,22,19.0,21.5,1.0
7,22,21.5,24.0,0.6
7,23,0.0,7.0,0.6
7,23,7.0,9.5,1.0
7,23,9.5,19.0,0.0
7,23,19.0,21.5,1.0
7,23,21.5,24.0,0.6
7,24,0.0,7.0,0.6
7,24,7.0,9.5,1.0
7,24,9.5,19.0,0.0
7,24,19.0,21.5,1.0
7,24,21.5,24.0,0.6
7,25,0.0,7.0,0.6
7,25,7.0,9.5,1.0
7,25,9.5,19.0,0.0
7,25,19.0,21.5,1.0
7,25,21.5,24.0,0.6
7,26,0.0,7.0,0.6
7,26,7.0,9.5,1.0
7,26,9.5,19.0,0.0
7,26,19.0,21.5,1.0
7,26,21.5,24.0,0.6
7,27,0.0,7.0,0.6
7,27,7.0,9.5,1.0
7,27,9.5,19.0,0.0
7,27,19.0,21.5,1.0
7,27,21.5,24.0,0.6
7,28,0.0,7.0,0.6
7,28,7.0,9.5,1.0
7,28,9.5,19.0,0.0
7,28,19.0,21.5,1.0
7,28,21.5,24.0,0.6
7,29,0.0,7.0,0.6
7,29,7.0,9.5,1.0
7,29,9.5,19.0,0.0
7,29,19.0,21.5,1.0
7,29,21.5,24.0,0.6
7,30,0.0,7.0,0.6
7,30,7.0,9.5,1.0
7,30,9.5,19.0,0.0
7,30,19.0,21.5,1.0
7,30,21.5,24.0,0.6
7,31,0.0,7.0,0.6
7,31,7.0,9.5,1.0
7,31,9.5,19.0,0.0
7,31,19.0,21.5,1.0
7,31,21.5,24.0,0.6
8,1,0.0,7.0,0.6
8,1,7.0,9.5,1.0
8,1,9.5,19.0,0.0
8,1,19.0,21.5,1.0
8,1,21.5,24.0,0.6
8,2,0.0,7.0,0.6
8,2,7.0,9.5,1.0
8,2,9.5,19.0,0.0
8,2,19.0,21.5,1.0
8,2,21.5,24.0,0.6
8,3,0.0,7.0,0.6
8,3,7.0,9.5,1.0
8,3,9.5,19.0,0.0
8,3,19.0,21.5,1.0
8,3,21.5,24.0,0.6
8,4,0.0,7.0,0.6
8,4,7.0,9.5,1.0
8,4,9.5,19.0,0.0
8,4,19.0,21.5,1.0
8,4,21.5,24.0,0.6
8,5,0.0,7.0,0.6
8,5,7.0,9.5,1.0
8,5,9.5,19.0,0.0
8,5,19.0,21.5,1.0
8,5,21.5,24.0,0.6
8,6,0.0,7.0,0.6
8,6,7.0,9.5,1.0
8,6,9.5,19.0,0.0
8,6,19.0,21.5,1.0
8,6,21.5,24.0,0.6
8,7,0.0,7.0,0.6
8,7,7.0,9.5,1.0
8,7,9.5,19.0,0.0
8,7,19.0,21.5,1.0
8,7,21.5,24.0,0.6
8,8,0.0,7.0,0.6
8,8,7.0,9.5,1.0
8,8,9.5,19.0,0.0
8,8,19.0,21.5,1.0
8,8,21.5,24.0,0.6
8,9,0.0,7.0,0.6
8,9,7.0,9.5,1.0
8,9,9.5,19.0,0.0
8,9,19.0,21.5,1.0
8,9,21.5,24.0,0.6
8,10,0.0,7.0,0.6
8,10,7.0,9.5,1.0
8,10,9.5,19.0,0.0
8,10,19.0,21.5,1.0
8,10,21.5,24.0,0.6
8,11,0.0,7.0,0.6
8,11,7.0,9.5,1.0
8,11,9.5,19.0,0.0
8,11,19.0,21.5,1.0
8,11,21.5,24.0,0.6
8,12,0.0,7.0,0.6
8,12,7.0,9.5,1.0
8,12,9.5,19.0,0.0
8,12,19.0,21.5,1.0
8,12,21.5,24.0,0.6
8,13,0.0,7.0,0.6
8,13,7.0,9.5,1.0
8,13,9.5,19.0,0.0
8,13,19.0,21.5,1.0
8,13,21.5,24.0,0.6
8,14,0.0,7.0,0.6
8,14,7.0,9.5,1.0
8,14,9.5,19.0,0.0
8,14,19.0,21.5,1.0
8,14,21.5,24.0,0.6
8,15,0.0,7.0,0.6
8,15,7.0,9.5,1.0
8,15,9.5,19.0,0.0
8,15,19.0,21.5,1.0
8,15,21.5,24.0,0.6
8,16,0.0,7.0,0.6
8,16,7.0,9.5,1.0
8,16,9.5,19.0,0.0
8,16,19.0,21.5,1.0
8,16,21.5,24.0,0.6
8,17,0.0,7.0,0.6
8,17,7.0,9.5,1.0
8,17,9.5,19.0,0.0
8,17,19.0,21.5,1.0
8,17,21.5,24.0,0.6
8,18,0.0,7.0,0.6
8,18,7.0,9.5,1.0
8,18,9.5,19.0,0.0
8,18,19.0,21.5,1.0
8,18,21.5,24.0,0.6
8,19,0.0,7.0,0.6
8,19,7.0,9.5,1.0
8,19,9.5,19.0,0.0
8,19,19.0,21.5,1.0
8,19,21.5,24.0,0.6
8,20,0.0,7.0,0.6
8,20,7.0,9.5,1.0
8,20,9.5,19.0,0.0
8,20,19.0,21.5,1.0
8,20,21.5,24.0,0.6
8,21,0.0,7.0,0.6
8,21,7.0,9.5,1.0
8,21,9.5,19.0,0.0
8,21,19.0,21.5,1.0
8,21,21.5,24.0,0.6
8,22,0.0,7.0,0.6
8,22,7.0,9.5,1.0
8,22,9.5,19.0,0.0
8,22,19.0,21.5,1.0
8,22,21.5,24.0,0.6
8,23,0.0,7.0,0.6
8,23,7.0,9.5,1.0
8,23,9.5,19.0,0.0
8,23,19.0,21.5,1.0
8,23,21.5,24.0,0.6
8,24,0.0,7.0,0.6
8,24,7.0,9.5,1.0
8,24,9.5,19.0,0.0
8,24,19.0,21.5,1.0
8,24,21.5,24.0,0.6
8,25,0.0,7.0,0.6
8,25,7.0,9.5,1.0
8,25,9.5,19.0,0.0
8,25,19.0,21.5,1.0
8,25,21.5,24.0,0.6
8,26,0.0,7.0,0.6
8,26,7.0,9.5,1.0
8,26,9.5,19.0,0.0
8,26,19.0,21.5,1.0
8,26,21.5,24.0,0.6
8,27,0.0,7.0,0.6
8,27,7.0,9.5,1.0
8,27,9.5,19.0,0.0
8,27,19.0,21.5,1.0
8,27,21.5,24.0,0.6
8,28,0.0,7.0,0.6
8,28,7.0,9.5,1.0
8,28,9.5,19.0,0.0
8,28,19.0,21.5,1.0
8,28,21.5,24.0,0.6
8,29,0.0,7.0,0.6
8,29,7.0,9.5,1.0
8,29,9.5,19.0,0.0
8,29,19.0,21.5,1.0
8,29,21.5,24.0,0.6
8,30,0.0,7.0,0.6
8,30,7.0,9.5,1.0
8,30,9.5,19.0,0.0
8,30,19.0,21.5,1.0
8,30,21.5,24.0,0.6
8,31,0.0,7.0,0.6
8,31,7.0,9.5,1.0
8,31,9.5,19.0,0.0
8,31,19.0,21.5,1.0
8,31,21.5,24.0,0.6
9,1,0.0,7.0,0.6
9,1,7.0,9.5,1.0
9,1,9.5,19.0,0.0
9,1,19.0,21.5,1.0
9,1,21.5,24.0,0.6
9,2,0.0,7.0,0.6
9,2,7.0,9.5,1.0
9,2,9.5,19.0,0.0
9,2,19.0,21.5,1.0
9,2,21.5,24.0,0.6
9,3,0.0,7.0,0.6
9,3,7.0,9.5,1.0
9,3,9.5,19.0,0.0
9,3,19.0,21.5,1.0
9,3,21.5,24.0,0.6
9,4,0.0,7.0,0.6
9,4,7.0,9.5,1.0
9,4,9.5,19.0,0.0
9,4,19.0,21.5,1.0
9,4,21.5,24.0,0.6
9,5,0.0,7.0,0.6
9,5,7.0,9.5,1.0
9,5,9.5,19.0,0.0
9,5,19.0,21.5,1.0
9,5,21.5,24.0,0.6
9,6,0.0,7.0,0.6
9,6,7.0,9.5,1.0
9,6,9.5,19.0,0.0
9,6,19.0,21.5,1.0
9,6,21.5,24.0,0.6
9,7,0.0,7.0,0.6
9,7,7.0,9.5,1.0
9,7,9.5,19.0,0.0
9,7,19.0,21.5,1.0
9,7,21.5,24.0,0.6
9,8,0.0,7.0,0.6
9,8,7.0,9.5,1.0
9,8,9.5,19.0,0.0
9,8,19.0,21.5,1.0
9,8,21.5,24.0,0.6
9,9,0.0,7.0,0.6
9,9,7.0,9.5,1.0
9,9,9.5,19.0,0.0
9,9,19.0,21.5,1.0
9,9,21.5,24.0,0.6
9,10,0.0,7.0,0.6
9,10,7.0,9.5,1.0
9,10,9.5,19.0,0.0
9,10,19.0,21.5,1.0
9,10,21.5,24.0,0.6
9,11,0.0,7.0,0.6
9,11,7.0,9.5,1.0
9,11,9.5,19.0,0.0
9,11,19.0,21.5,1.0
9,11,21.5,24.0,0.6
9,12,0.0,7.0,0.6
9,12,7.0,9.5,1.0
9,12,9.5,19.0,0.0
9,12,19.0,21.5,1.0
9,12,21.5,24.0,0.6
9,13,0.0,7.0,0.6
9,13,7.0,9.5,1.0
9,13,9.5,19.0,0.0
9,13,19.0,21.5,1.0
9,13,21.5,24.0,0.6
9,14,0.0,7.0,0.6
9,14,7.0,9.5,1.0
9,14,9.5,19.0,0.0
9,14,19.0,21.5,1.0
9,14,21.5,24.0,0.6
9,15,0.0,7.0,0.6
9,15,7.0,9.5,1.0
9,15,9.5,19.0,0.0
9,15,19.0,21.5,1.0
9,15,21.5,24.0,0.6
9,16,0.0,7.0,0.6
9,16,7.0,9.5,1.0
9,16,9.5,19.0,0.0
9,16,19.0,21.5,1.0
9,16,21.5,24.0,0.6
9,17,0.0,7.0,0.6
9,17,7.0,9.5,1.0
9,17,9.5,19.0,0.0
9,17,19.0,21.5,1.0
9,17,21.5,24.0,0.6
9,18,0.0,7.0,0.6
9,18,7.0,9.5,1.0
9,18,9.5,19.0,0.0
9,18,19.0,21.5,1.0
9,18,21.5,24.0,0.6
9,19,0.0,7.0,0.6
9,19,7.0,9.5,1.0
9,19,9.5,19.0,0.0
9,19,19.0,21.5,1.0
9,19,21.5,24.0,0.6
9,20,0.0,7.0,0.6
9,20,7.0,9.5,1.0
9,20,9.5,19.0,0.0
9,20,19.0,21.5,1.0
9,20,21.5,24.0,0.6
9,21,0.0,7.0,0.6
9,21,7.0,9.5,1.0
9,21,9.5,19.0,0.0
9,21,19.0,21.5,1.0
9,21,21.5,24.0,0.6
9,22,0.0,7.0,0.6
9,22,7.0,9.5,1.0
9,22,9.5,19.0,0.0
9,22,19.0,21.5,1.0
9,22,21.5,24.0,0.6
9,23,0.0,7.0,0.6
9,23,7.0,9.5,1.0
9,23,9.5,19.0,0.0
9,23,19.0,21.5,1.0
9,23,21.5,24.0,0.6
9,24,0.0,7.0,0.6
9,24,7.0,9.5,1.0
9,24,9.5,19.0,0.0
9,24,19.0,21.5,1.0
9,24,21.5,24.0,0.6
9,25,0.0,7.0,0.6
9,25,7.0,9.5,1.0
9,25,9.5,19.0,0.0
9,25,19.0,21.5,1.0
9,25,21.5,24.0,0.6
9,26,0.0,7.0,0.6
9,26,7.0,9.5,1.0
9,26,9.5,19.0,0.0
9,26,19.0,21.5,1.0
9,26,21.5,24.0,0.6
9,27,0.0,7.0,0.6
9,27,7.0,9.5,1.0
9,27,9.5,19.0,0.0
9,27,19.0,21.5,1.0
9,27,21.5,24.0,0.6
9,28,0.0,7.0,0.6
9,28,7.0,9.5,1.0
9,28,9.5,19.0,0.0
9,28,19.0,21.5,1.0
9,28,21.5,24.0,0.6
9,29,0.0,7.0,0.6
9,29,7.0,9.5,1.0
9,29,9.5,19.0,0.0
9,29,19.0,21.5,1.0
9,29,21.5,24.0,0.6
9,30,0.0,7.0,0.6
9,30,7.0,9.5,1.0
9,30,9.5,19.0,0.0
9,30,19.0,21.5,1.0
9,30,21.5,24.0,0.6
10,1,0.0,7.0,0.6
10,1,7.0,9.5,1.0
10,1,9.5,19.0,0.0
10,1,19.0,21.5,1.0
10,1,21.5,24.0,0.6
10,2,0.0,7.0,0.6
10,2,7.0,9.5,1.0
10,2,9.5,19.0,0.0
10,2,19.0,21.5,1.0
10,2,21.5,24.0,0.6
10,3,0.0,7.0,0.6
10,3,7.0,9.5,1.0
10,3,9.5,19.0,0.0
10,3,19.0,21.5,1.0
10,3,21.5,24.0,0.6
10,4,0.0,7.0,0.6
10,4,7.0,9.5,1.0
10,4,9.5,19.0,0.0
10,4,19.0,21.5,1.0
10,4,21.5,24.0,0.6
10,5,0.0,7.0,0.6
10,5,7.0,9.5,1.0
10,5,9.5,19.0,0.0
10,5,19.0,21.5,1.0
10,5,21.5,24.0,0.6
10,6,0.0,7.0,0.6
10,6,7.0,9.5,1.0
10,6,9.5,19.0,0.0
10,6,19.0,21.5,1.0
10,6,21.5,24.0,0.6
10,7,0.0,7.0,0.6
10,7,7.0,9.5,1.0
10,7,9.5,19.0,0.0
10,7,19.0,21.5,1.0
10,7,21.5,24.0,0.6
10,8,0.0,7.0,0.6
10,8,7.0,9.5,1.0
10,8,9.5,19.0,0.0
10,8,19.0,21.5,1.0
10,8,21.5,24.0,0.6
10,9,0.0,7.0,0.6
10,9,7.0,9.5,1.0
10,9,9.5,19.0,0.0
10,9,19.0,21.5,1.0
10,9,21.5,24.0,0.6
10,10,0.0,7.0,0.6
10,10,7.0,9.5,1.0
10,10,9.5,19.0,0.0
10,10,19.0,21.5,1.0
10,10,21.5,24.0,0.6
10,11,0.0,7.0,0.6
10,11,7.0,9.5,1.0
10,11,9.5,19.0,0.0
10,11,19.0,21.5,1.0
10,11,21.5,24.0,0.6
10,12,0.0,7.0,0.6
10,12,7.0,9.5,1.0
10,12,9.5,19.0,0.0
10,12,19.0,21.5,1.0
10,12,21.5,24.0,0.6
10,13,0.0,7.0,0.6
10,13,7.0,9.5,1.0
10,13,9.5,19.0,0.0
10,13,19.0,21.5,1.0
10,13,21.5,24.0,0.6
10,14,0.0,7.0,0.6
10,14,7.0,9.5,1.0
10,14,9.5,19.0,0.0
10,14,19.0,21.5,1.0
10,14,21.5,24.0,0.6
10,15,0.0,7.0,0.6
10,15,7.0,9.5,1.0
10,15,9.5,19.0,0.0
10,15,19.0,21.5,1.0
10,15,21.5,24.0,0.6
10,16,0.0,7.0,0.6
10,16,7.0,9.5,1.0
10,16,9.5,19.0,0.0
10,16,19.0,21.5,1.0
10,16,21.5,24.0,0.6
10,17,0.0,7.0,0.6
10,17,7.0,9.5,1.0
10,17,9.5,19.0,0.0
10,17,19.0,21.5,1.0
10,17,21.5,24.0,0.6
10,18,0.0,7.0,0.6
10,18,7.0,9.5,1.0
10,18,9.5,19.0,0.0
10,18,19.0,21.5,1.0
10,18,21.5,24.0,0.6
10,19,0.0,7.0,0.6
10,19,7.0,9.5,1.0
10,19,9.5,19.0,0.0
10,19,19.0,21.5,1.0
10,19,21.5,24.0,0.6
10,20,0.0,7.0,0.6
10,20,7.0,9.5,1.0
10,20,9.5,19.0,0.0
10,20,19.0,21.5,1.0
10,20,21.5,24.0,0.6
10,21,0.0,7.0,0.6
10,21,7.0,9.5,1.0
10,21,9.5,19.0,0.0
10,21,19.0,21.5,1.0
10,21,21.5,24.0,0.6
10,22,0.0,7.0,0.6
10,22,7.0,9.5,1.0
10,22,9.5,19.0,0.0
10,22,19.0,21.5,1.0
10,22,21.5,24.0,0.6
10,23,0.0,7.0,0.6
10,23,7.0,9.5,1.0
10,23,9.5,19.0,0.0
10,23,19.0,21.5,1.0
10,23,21.5,24.0,0.6
10,24,0.0,7.0,0.6
10,24,7.0,9.5,1.0
10,24,9.5,19.0,0.0
10,24,19.0,21.5,1.0
10,24,21.5,24.0,0.6
10,25,0.0,7.0,0.6
10,25,7.0,9.5,1.0
10,25,9.5,19.0,0.0
10,25,19.0,21.5,1.0
10,25,21.5,24.0,0.6
10,26,0.0,7.0,0.6
10,26,7.0,9.5,1.0
10,26,9.5,19.0,0.0
10,26,19.0,21.5,1.0
10,26,21.5,24.0,0.6
10,27,0.0,7.0,0.6
10,27,7.0,9.5,1.0
10,27,9.5,19.0,0.0
10,27,19.0,21.5,1.0
10,27,21.5,24.0,0.6
10,28,0.0,7.0,0.6
10,28,7.0,9.5,1.0
10,28,9.5,19.0,0.0
10,28,19.0,21.5,1.0
10,28,21.5,24.0,0.6
10,29,0.0,7.0,0.6
10,29,7.0,9.5,1.0
10,29,9.5,19.0,0.0
10,29,19.0,21.5,1.0
10,29,21.5,24.0,0.6
10,30,0.0,7.0,0.6
10,30,7.0,9.5,1.0
10,30,9.5,19.0,0.0
10,30,19.0,21.5,1.0
10,30,21.5,24.0,0.6
10,31,0.0,7.0,0.6
10,31,7.0,9.5,1.0
10,31,9.5,19.0,0.0
10,31,19.0,21.5,1.0
10,31,21.5,24.0,0.6
11,1,0.0,7.0,0.6
11,1,7.0,9.5,1.0
11,1,9.5,19.0,0.0
11,1,19.0,21.5,1.0
11,1,21.5,24.0,0.6
11,2,0.0,7.0,0.6
11,2,7.0,9.5,1.0
11,2,9.5,19.0,0.0
11,2,19.0,21.5,1.0
11,2,21.5,24.0,0.6
11,3,0.0,7.0,0.6
11,3,7.0,9.5,1.0
11,3,9.5,19.0,0.0
11,3,19.0,21.5,1.0
11,3,21.5,24.0,0.6
11,4,0.0,7.0,0.6
11,4,7.0,9.5,1.0
11,4,9.5,19.0,0.0
11,4,19.0,21.5,1.0
11,4,21.5,24.0,0.6
11,5,0.0,7.0,0.6
11,5,7.0,9.5,1.0
11,5,9.5,19.0,0.0
11,5,19.0,21.5,1.0
11,5,21.5,24.0,0.6
11,6,0.0,7.0,0.6
11,6,7.0,9.5,1.0
11,6,9.5,19.0,0.0
11,6,19.0,21.5,1.0
11,6,21.5,24.0,0.6
11,7,0.0,7.0,0.6
11,7,7.0,9.5,1.0
11,7,9.5,19.0,0.0
11,7,19.0,21.5,1.0
11,7,21.5,24.0,0.6
11,8,0.0,7.0,0.6
11,8,7.0,9.5,1.0
11,8,9.5,19.0,0.0
11,8,19.0,21.5,1.0
11,8,21.5,24.0,0.6
11,9,0.0,7.0,0.6
11,9,7.0,9.5,1.0
11,9,9.5,19.0,0.0
11,9,19.0,21.5,1.0
11,9,21.5,24.0,0.6
11,10,0.0,7.0,0.6
11,10,7.0,9.5,1.0
11,10,9.5,19.0,0.0
11,10,19.0,21.5,1.0
11,10,21.5,24.0,0.6
11,11,0.0,7.0,0.6
11,11,7.0,9.5,1.0
11,11,9.5,19.0,0.0
11,11,19.0,21.5,1.0
11,11,21.5,24.0,0.6
11,12,0.0,7.0,0.6
11,12,7.0,9.5,1.0
11,12,9.5,19.0,0.0
11,12,19.0,21.5,1.0
11,12,21.5,24.0,0.6
11,13,0.0,7.0,0.6
11,13,7.0,9.5,1.0
11,13,9.5,19.0,0.0
11,13,19.0,21.5,1.0
11,13,21.5,24.0,0.6
11,14,0.0,7.0,0.6
11,14,7.0,9.5,1.0
11,14,9.5,19.0,0.0
11,14,19.0,21.5,1.0
11,14,21.5,24.0,0.6
11,15,0.0,7.0,0.6
11,15,7.0,9.5,1.0
11,15,9.5,19.0,0.0
11,15,19.0,21.5,1.0
11,15,21.5,24.0,0.6
11,16,0.0,7.0,0.6
11,16,7.0,9.5,1.0
11,16,9.5,19.0,0.0
11,16,19.0,21.5,1.0
11,16,21.5,24.0,0.6
11,17,0.0,7.0,0.6
11,17,7.0,9.5,1.0
11,17,9.5,19.0,0.0
11,17,19.0,21.5,1.0
11,17,21.5,24.0,0.6
11,18,0.0,7.0,0.6
11,18,7.0,9.5,1.0
11,18,9.5,19.0,0.0
11,18,19.0,21.5,1.0
11,18,21.5,24.0,0.6
11,19,0.0,7.0,0.6
11,19,7.0,9.5,1.0
11,19,9.5,19.0,0.0
11,19,19.0,21.5,1.0
11,19,21.5,24.0,0.6
11,20,0.0,7.0,0.6
11,20,7.0,9.5,1.0
11,20,9.5,19.0,0.0
11,20,19.0,21.5,1.0
11,20,21.5,24.0,0.6
11,21,0.0,7.0,0.6
11,21,7.0,9.5,1.0
11,21,9.5,19.0,0.0
11,21,19.0,21.5,1.0
11,21,21.5,24.0,0.6
11,22,0.0,7.0,0.6
11,22,7.0,9.5,1.0
11,22,9.5,19.0,0.0
11,22,19.0,21.5,1.0
11,22,21.5,24.0,0.6
11,23,0.0,7.0,0.6
11,23,7.0,9.5,1.0
11,23,9.5,19.0,0.0
11,23,19.0,21.5,1.0
11,23,21.5,24.0,0.6
11,24,0.0,7.0,0.6
11,24,7.0,9.5,1.0
11,24,9.5,19.0,0.0
11,24,19.0,21.5,1.0
11,24,21.5,24.0,0.6
11,25,0.0,7.0,0.6
11,25,7.0,9.5,1.0
11,25,9.5,19.0,0.0
11,25,19.0,21.5,1.0
11,25,21.5,24.0,0.6
11,26,0.0,7.0,0.6
11,26,7.0,9.5,1.0
11,26,9.5,19.0,0.0
11,26,19.0,21.5,1.0
11,26,21.5,24.0,0.6
11,27,0.0,7.0,0.6
11,27,7.0,9.5,1.0
11,27,9.5,19.0,0.0
11,27,19.0,21.5,1.0
11,27,21.5,24.0,0.6
11,28,0.0,7.0,0.6
11,28,7.0,9.5,1.0
11,28,9.5,19.0,0.0
11,28,19.0,21.5,1.0
11,28,21.5,24.0,0.6
11,29,0.0,7.0,0.6
11,29,7.0,9.5,1.0
11,29,9.5,19.0,0.0
11,29,19.0,21.5,1.0
11,29,21.5,24.0,0.6
11,30,0.0,7.0,0.6
11,30,7.0,9.5,1.0
11,30,9.5,19.0,0.0
11,30,19.0,21.5,1.0
11,30,21.5,24.0,0.6
12,1,0.0,7.0,0.6
12,1,7.0,9.5,1.0
12,1,9.5,19.0,0.0
12,1,19.0,21.5,1.0
12,1,21.5,24.0,0.6
12,2,0.0,7.0,0.6
12,2,7.0,9.5,1.0
12,2,9.5,19.0,0.0
12,2,19.0,21.5,1.0
12,2,21.5,24.0,0.6
12,3,0.0,7.0,0.6
12,3,7.0,9.5,1.0
12,3,9.5,19.0,0.0
12,3,19.0,21.5,1.0
12,3,21.5,24.0,0.6
12,4,0.0,7.0,0.6
12,4,7.0,9.5,1.0
12,4,9.5,19.0,0.0
12,4,19.0,21.5,1.0
12,4,21.5,24.0,0.6
12,5,0.0,7.0,0.6
12,5,7.0,9.5,1.0
12,5,9.5,19.0,0.0
12,5,19.0,21.5,1.0
12,5,21.5,24.0,0.6
12,6,0.0,7.0,0.6
12,6,7.0,9.5,1.0
12,6,9.5,19.0,0.0
12,6,19.0,21.5,1.0
12,6,21.5,24.0,0.6
12,7,0.0,7.0,0.6
12,7,7.0,9.5,1.0
12,7,9.5,19.0,0.0
12,7,19.0,21.5,1.0
12,7,21.5,24.0,0.6
12,8,0.0,7.0,0.6
12,8,7.0,9.5,1.0
12,8,9.5,19.0,0.0
12,8,19.0,21.5,1.0
12,8,21.5,24.0,0.6
12,9,0.0,7.0,0.6
12,9,7.0,9.5,1.0
12,9,9.5,19.0,0.0
12,9,19.0,21.5,1.0
12,9,21.5,24.0,0.6
12,10,0.0,7.0,0.6
12,10,7.0,9.5,1.0
12,10,9.5,19.0,0.0
12,10,19.0,21.5,1.0
12,10,21.5,24.0,0.6
12,11,0.0,7.0,0.6
12,11,7.0,9.5,1.0
12,11,9.5,19.0,0.0
12,11,19.0,21.5,1.0
12,11,21.5,24.0,0.6
12,12,0.0,7.0,0.6
12,12,7.0,9.5,1.0
12,12,9.5,19.0,0.0
12,12,19.0,21.5,1.0
12,12,21.5,24.0,0.6
12,13,0.0,7.0,0.6
12,13,7.0,9.5,1.0
12,13,9.5,19.0,0.0
12,13,19.0,21.5,1.0
12,13,21.5,24.0,0.6
12,14,0.0,7.0,0.6
12,14,7.0,9.5,1.0
12,14,9.5,19.0,0.0
12,14,19.0,21.5,1.0
12,14,21.5,24.0,0.6
12,15,0.0,7.0,0.6
12,15,7.0,9.5,1.0
12,15,9.5,19.0,0.0
12,15,19.0,21.5,1.0
12,15,21.5,24.0,0.6
12,16,0.0,7.0,0.6
12,16,7.0,9.5,1.0
12,16,9.5,19.0,0.0
12,16,19.0,21.5,1.0
12,16,21.5,24.0,0.6
12,17,0.0,7.0,0.6
12,17,7.0,9.5,1.0
12,17,9.5,19.0,0.0
12,17,19.0,21.5,1.0
12,17,21.5,24.0,0.6
12,18,0.0,7.0,0.6
12,18,7.0,9.5,1.0
12,18,9.5,19.0,0.0
12,18,19.0,21.5,1.0
12,18,21.5,24.0,0.6
12,19,0.0,7.0,0.6
12,19,7.0,9.5,1.0
12,19,9.5,19.0,0.0
12,19,19.0,21.5,1.0
12,19,21.5,24.0,0.6
12,20,0.0,7.0,0.6
12,20,7.0,9.5,1.0
12,20,9.5,19.0,0.0
12,20,19.0,21.5,1.0
12,20,21.5,24.0,0.6
12,21,0.0,7.0,0.6
12,21,7.0,9.5,1.0
12,21,9.5,19.0,0.0
12,21,19.0,21.5,1.0
12,21,21.5,24.0,0.6
12,22,0.0,7.0,0.6
12,22,7.0,9.5,1.0
12,22,9.5,19.0,0.0
12,22,19.0,21.5,1.0
12,22,21.5,24.0,0.6
12,23,0.0,7.0,0.6
12,23,7.0,9.5,1.0
12,23,9.5,19.0,0.0
12,23,19.0,21.5,1.0
12,23,21.5,24.0,0.6
12,24,0.0,7.0,0.6
12,24,7.0,9.5,1.0
12,24,9.5,19.0,0.0
12,24,19.0,21.5,1.0
12,24,21.5,24.0,0.6
12,25,0.0,7.0,0.6
12,25,7.0,9.5,1.0
12,25,9.5,19.0,0.0
12,25,19.0,21.5,1.0
12,25,21.5,24.0,0.6
12,26,0.0,7.0,0.6
12,26,7.0,9.5,1.0
12,26,9.5,19.0,0.0
12,26,19.0,21.5,1.0
12,26,21.5,24.0,0.6
12,27,0.0,7.0,0.6
12,27,7.0,9.5,1.0
12,27,9.5,19.0,0.0
12,27,19.0,21.5,1.0
12,27,21.5,24.0,0.6
12,28,0.0,7.0,0.6
12,28,7.0,9.5,1.0
12,28,9.5,19.0,0.0
12,28,19.0,21.5,1.0
12,28,21.5,24.0,0.6
12,29,0.0,7.0,0.6
12,29,7.0,9.5,1.0
12,29,9.5,19.0,0.0
12,29,19.0,21.5,1.0
12,29,21.5,24.0,0.6
12,30,0.0,7.0,0.6
12,30,7.0,9.5,1.0
12,30,9.5,19.0,0.0
12,30,19.0,21.5,1.0
12,30,21.5,24.0,0.6
12,31,0.0,7.0,0.6
12,31,7.0,9.5,1.0
12,31,9.5,19.0,0.0
12,31,19.0,21.5,1.0
12,31,21.5,24.0,0.6
